icon,similarity,confidence,primary_address,primary_name,primary_type,secondary_address,secondary_name,secondary_type,bb-,bbs,bb+,jmp-,jmps,jmp+
javax.swing.ImageIcon@3c06d964,1.0,0.6224593312018547,0010364F,rpl_fts_read.cold,Normal,001037D6,vasnprintf.cold,Normal,0,1,0,0,1,0
javax.swing.ImageIcon@3c06d964,1.0,0.6224593312018547,001036BB,xstrtol_fatal.cold,Normal,00103770,decode_preserve_arg.cold,Normal,0,1,0,0,1,0
javax.swing.ImageIcon@4644f12b,1.0,0.8175744761936437,00105A50,di_ent_free,Normal,0010E260,triple_free,Normal,0,1,0,0,1,0
javax.swing.ImageIcon@4644f12b,1.0,0.8175744761936437,00108AB0,AD_hash,Normal,0010AF40,src_to_dest_hash,Normal,0,1,0,0,0,0
javax.swing.ImageIcon@4644f12b,1.0,0.8175744761936437,00108AC0,dev_type_hash,Normal,0010E1B0,triple_hash_no_name,Normal,0,1,0,0,0,0
javax.swing.ImageIcon@4644f12b,1.0,0.8807970779778823,0010D070,ino_hash,Normal,00111420,dev_info_hash,Normal,0,1,0,0,0,0
javax.swing.ImageIcon@4644f12b,1.0,0.8807970779778823,0010D080,ino_compare,Normal,00111430,dev_info_compare,Normal,0,1,0,0,0,0
javax.swing.ImageIcon@4644f12b,1.0,0.9525741268224334,00103020,sub_00103020,Normal,00103020,sub_00103020,Normal,0,1,0,0,1,0
javax.swing.ImageIcon@3c06d964,1.0,0.9706877692486436,00103654,hash_find_entry.cold,Normal,00103775,hash_find_entry.cold,Normal,0,1,0,0,1,0
javax.swing.ImageIcon@3c06d964,1.0,0.9706877692486436,00103659,transfer_entries.cold,Normal,0010377A,transfer_entries.cold,Normal,0,1,0,0,1,0
javax.swing.ImageIcon@3c06d964,1.0,0.9706877692486436,0010365E,hash_lookup.cold,Normal,0010377F,hash_lookup.cold,Normal,0,1,0,0,1,0
javax.swing.ImageIcon@3c06d964,1.0,0.9706877692486436,00103669,hash_get_next.cold,Normal,0010378A,hash_get_next.cold,Normal,0,1,0,0,1,0
javax.swing.ImageIcon@3c06d964,1.0,0.9706877692486436,0010366E,hash_rehash.cold,Normal,0010378F,hash_rehash.cold,Normal,0,1,0,0,1,0
javax.swing.ImageIcon@3c06d964,1.0,0.9706877692486436,0010367E,quotearg_buffer_restyled.cold,Normal,00103799,quotearg_buffer_restyled.cold,Normal,0,1,0,0,1,0
javax.swing.ImageIcon@3c06d964,1.0,0.9706877692486436,00103683,quotearg_n_options.cold,Normal,0010379E,quotearg_n_options.cold,Normal,0,1,0,0,1,0
javax.swing.ImageIcon@4644f12b,1.0,0.9706877692486436,00103688,set_custom_quoting.cold,Normal,001037A3,set_custom_quoting.cold,Normal,0,1,0,0,1,0
javax.swing.ImageIcon@3c06d964,1.0,0.9706877692486436,0010368E,quotearg_n_style.cold,Normal,001037A9,quotearg_n_style.cold,Normal,0,1,0,0,1,0
javax.swing.ImageIcon@3c06d964,1.0,0.9706877692486436,00103693,quotearg_n_style_mem.cold,Normal,001037AE,quotearg_n_style_mem.cold,Normal,0,1,0,0,1,0
javax.swing.ImageIcon@3c06d964,1.0,0.9706877692486436,00103698,quotearg_style.cold,Normal,001037B3,quotearg_style.cold,Normal,0,1,0,0,1,0
javax.swing.ImageIcon@3c06d964,1.0,0.9706877692486436,0010369D,quotearg_style_mem.cold,Normal,001037B8,quotearg_style_mem.cold,Normal,0,1,0,0,1,0
javax.swing.ImageIcon@3c06d964,1.0,0.9706877692486436,001036A2,quotearg_n_style_colon.cold,Normal,001037BD,quotearg_n_style_colon.cold,Normal,0,1,0,0,1,0
javax.swing.ImageIcon@3c06d964,1.0,0.9706877692486436,001036A7,quotearg_n_custom.cold,Normal,001037C2,quotearg_n_custom.cold,Normal,0,1,0,0,1,0
javax.swing.ImageIcon@3c06d964,1.0,0.9706877692486436,001036AC,quotearg_n_custom_mem.cold,Normal,001037C7,quotearg_n_custom_mem.cold,Normal,0,1,0,0,1,0
javax.swing.ImageIcon@3c06d964,1.0,0.9706877692486436,001036B1,quotearg_custom.cold,Normal,001037CC,quotearg_custom.cold,Normal,0,1,0,0,1,0
javax.swing.ImageIcon@3c06d964,1.0,0.9706877692486436,001036B6,quotearg_custom_mem.cold,Normal,001037D1,quotearg_custom_mem.cold,Normal,0,1,0,0,1,0
javax.swing.ImageIcon@4644f12b,1.0,0.9706877692486436,001053B0,__argmatch_die,Normal,0010B8B0,__argmatch_die,Normal,0,1,0,0,1,0
javax.swing.ImageIcon@4644f12b,1.0,0.9706877692486436,00105950,close_stdout_set_file_name,Normal,0010C790,close_stdout_set_file_name,Normal,0,1,0,0,0,0
javax.swing.ImageIcon@4644f12b,1.0,0.9706877692486436,00105960,close_stdout_set_ignore_EPIPE,Normal,0010C7A0,close_stdout_set_ignore_EPIPE,Normal,0,1,0,0,0,0
javax.swing.ImageIcon@4644f12b,1.0,0.9706877692486436,0010B060,raw_comparator,Normal,0010D030,raw_comparator,Normal,0,1,0,0,0,0
javax.swing.ImageIcon@4644f12b,1.0,0.9706877692486436,0010B4C0,hash_get_n_buckets,Normal,0010D490,hash_get_n_buckets,Normal,0,1,0,0,0,0
javax.swing.ImageIcon@4644f12b,1.0,0.9706877692486436,0010B4D0,hash_get_n_buckets_used,Normal,0010D4A0,hash_get_n_buckets_used,Normal,0,1,0,0,0,0
javax.swing.ImageIcon@4644f12b,1.0,0.9706877692486436,0010B4E0,hash_get_n_entries,Normal,0010D4B0,hash_get_n_entries,Normal,0,1,0,0,0,0
javax.swing.ImageIcon@4644f12b,1.0,0.9706877692486436,0010FDC0,quotearg_alloc,Normal,0010FE60,quotearg_alloc,Normal,0,1,0,0,1,0
javax.swing.ImageIcon@4644f12b,1.0,0.9706877692486436,0010FE70,quotearg_n,Normal,0010FF10,quotearg_n,Normal,0,1,0,0,1,0
javax.swing.ImageIcon@4644f12b,1.0,0.9706877692486436,0010FE90,quotearg_n_mem,Normal,0010FF30,quotearg_n_mem,Normal,0,1,0,0,1,0
javax.swing.ImageIcon@4644f12b,1.0,0.9706877692486436,001106A0,quote_n_mem,Normal,00110740,quote_n_mem,Normal,0,1,0,0,1,0
javax.swing.ImageIcon@4644f12b,1.0,0.9706877692486436,00113330,setlocale_null,Normal,00114970,setlocale_null,Normal,0,1,0,0,1,0
javax.swing.ImageIcon@4644f12b,1.0,0.9706877692486436,00113360,_fini,Normal,00115950,_fini,Normal,0,1,0,0,0,0
javax.swing.ImageIcon@4644f12b,1.0,0.9770226300899744,00111870,xmemdup,Normal,00112940,xmemdup,Normal,0,3,0,0,4,0
javax.swing.ImageIcon@4644f12b,1.0,0.9770226300899744,001118B0,ximemdup,Normal,00112980,ximemdup,Normal,0,3,0,0,4,0
javax.swing.ImageIcon@4644f12b,1.0,0.9770226300899744,001118F0,ximemdup0,Normal,001129C0,ximemdup0,Normal,0,3,0,0,4,0
javax.swing.ImageIcon@4644f12b,1.0,0.9770226300899744,00111930,xstrdup,Normal,00112A00,xstrdup,Normal,0,3,0,0,4,0
javax.swing.ImageIcon@4644f12b,1.0,0.9820137900379085,00103663,hash_get_first.cold,Normal,00103784,hash_get_first.cold,Normal,0,1,0,0,1,0
javax.swing.ImageIcon@3c06d964,1.0,0.9820137900379085,00103673,hash_insert_if_absent.cold,Normal,00103794,hash_insert_if_absent.cold,Normal,0,1,0,0,1,0
javax.swing.ImageIcon@4644f12b,1.0,0.9820137900379085,001106D0,quote_n,Normal,00110770,quote_n,Normal,0,1,0,0,1,0
javax.swing.ImageIcon@4644f12b,1.0,0.9859363729567544,00110120,quotearg_char_mem,Normal,001101C0,quotearg_char_mem,Normal,0,3,0,0,3,0
javax.swing.ImageIcon@4644f12b,1.0,0.9859363729567544,001101C0,quotearg_char,Normal,00110260,quotearg_char,Normal,0,3,0,0,3,0
javax.swing.ImageIcon@4644f12b,1.0,0.9859363729567544,00110260,quotearg_colon,Normal,00110300,quotearg_colon,Normal,0,3,0,0,3,0
javax.swing.ImageIcon@4644f12b,1.0,0.9859363729567544,001102F0,quotearg_colon_mem,Normal,00110390,quotearg_colon_mem,Normal,0,3,0,0,3,0
javax.swing.ImageIcon@4644f12b,1.0,0.9859363729567544,00111440,xmalloc,Normal,00112510,xmalloc,Normal,0,3,0,0,3,0
javax.swing.ImageIcon@4644f12b,1.0,0.9859363729567544,00111460,ximalloc,Normal,00112530,ximalloc,Normal,0,3,0,0,3,0
javax.swing.ImageIcon@4644f12b,1.0,0.9859363729567544,00111480,xcharalloc,Normal,00112550,xcharalloc,Normal,0,3,0,0,3,0
javax.swing.ImageIcon@4644f12b,1.0,0.9859363729567544,001114D0,xirealloc,Normal,001125A0,xirealloc,Normal,0,3,0,0,3,0
javax.swing.ImageIcon@4644f12b,1.0,0.9859363729567544,00111580,xnmalloc,Normal,00112650,xnmalloc,Normal,0,3,0,0,3,0
javax.swing.ImageIcon@4644f12b,1.0,0.9859363729567544,001117F0,xzalloc,Normal,001128C0,xzalloc,Normal,0,3,0,0,3,0
javax.swing.ImageIcon@4644f12b,1.0,0.9859363729567544,00111810,xizalloc,Normal,001128E0,xizalloc,Normal,0,3,0,0,3,0
javax.swing.ImageIcon@4644f12b,1.0,0.9859363729567544,00111830,xcalloc,Normal,00112900,xcalloc,Normal,0,3,0,0,3,0
javax.swing.ImageIcon@4644f12b,1.0,0.9859363729567544,00111850,xicalloc,Normal,00112920,xicalloc,Normal,0,3,0,0,3,0
javax.swing.ImageIcon@4644f12b,1.0,0.9890130573694068,00104C00,_start,Normal,00103F70,_start,Normal,0,1,0,0,0,0
javax.swing.ImageIcon@4644f12b,1.0,0.9890130573694068,0010FB40,clone_quoting_options,Normal,0010FBE0,clone_quoting_options,Normal,0,1,0,0,0,0
javax.swing.ImageIcon@4644f12b,1.0,0.9890130573694068,0010FB80,get_quoting_style,Normal,0010FC20,get_quoting_style,Normal,0,1,0,0,0,0
javax.swing.ImageIcon@4644f12b,1.0,0.9890130573694068,0010FBA0,set_quoting_style,Normal,0010FC40,set_quoting_style,Normal,0,1,0,0,0,0
javax.swing.ImageIcon@4644f12b,1.0,0.9890130573694068,0010FBC0,set_char_quoting,Normal,0010FC60,set_char_quoting,Normal,0,1,0,0,0,0
javax.swing.ImageIcon@4644f12b,1.0,0.9890130573694068,0010FC00,set_quoting_flags,Normal,0010FCA0,set_quoting_flags,Normal,0,1,0,0,0,0
javax.swing.ImageIcon@4644f12b,1.0,0.9890130573694068,0010FC50,quotearg_buffer,Normal,0010FCF0,quotearg_buffer,Normal,0,1,0,0,0,0
javax.swing.ImageIcon@4644f12b,1.0,0.9890130573694068,0010FEA0,quotearg,Normal,0010FF40,quotearg,Normal,0,1,0,0,1,0
javax.swing.ImageIcon@4644f12b,1.0,0.9890130573694068,0010FEC0,quotearg_mem,Normal,0010FF60,quotearg_mem,Normal,0,1,0,0,1,0
javax.swing.ImageIcon@4644f12b,1.0,0.9890130573694068,001106B0,quote_mem,Normal,00110750,quote_mem,Normal,0,1,0,0,1,0
javax.swing.ImageIcon@4644f12b,1.0,0.9890130573694068,001106F0,quote,Normal,00110790,quote,Normal,0,1,0,0,1,0
javax.swing.ImageIcon@4644f12b,1.0,0.9890130573694068,00111360,emit_bug_reporting_address,Normal,001123D0,emit_bug_reporting_address,Normal,0,1,0,0,1,0
javax.swing.ImageIcon@4644f12b,1.0,0.9890130573694068,00111970,xalloc_die,Normal,00112A40,xalloc_die,Normal,0,1,0,0,1,0
javax.swing.ImageIcon@4644f12b,1.0,0.9890130573694068,00113340,dup_safer,Normal,00113770,dup_safer,Normal,0,1,0,0,1,0
javax.swing.ImageIcon@4644f12b,1.0,0.9910994973918399,0010E530,quotearg_buffer_restyled,Normal,0010E5D0,quotearg_buffer_restyled,Normal,0,361,0,0,592,0
javax.swing.ImageIcon@4644f12b,1.0,0.991422514586288,00108A90,AD_compare,Normal,0010AF50,src_to_dest_compare,Normal,0,3,0,0,2,0
javax.swing.ImageIcon@4644f12b,1.0,0.991422514586288,0010FC20,set_custom_quoting,Normal,0010FCC0,set_custom_quoting,Normal,0,3,0,0,4,0
javax.swing.ImageIcon@4644f12b,1.0,0.9918374288468401,00104C60,sub_00104C60,Normal,00103FD0,sub_00103FD0,Normal,0,4,0,0,4,0
javax.swing.ImageIcon@4644f12b,1.0,0.9923368262272705,0010BB40,hash_free,Normal,0010DB10,hash_free,Normal,0,21,0,0,34,0
javax.swing.ImageIcon@4644f12b,1.0,0.9927297418703065,0010E3A0,set_program_name,Normal,0010E350,set_program_name,Normal,0,11,0,0,17,0
javax.swing.ImageIcon@4644f12b,1.0,0.9933071490757153,00103000,_init,Normal,00103000,_init,Normal,0,3,0,0,3,0
javax.swing.ImageIcon@4644f12b,1.0,0.9933071490757153,00104C30,sub_00104C30,Normal,00103FA0,sub_00103FA0,Normal,0,4,0,0,4,0
javax.swing.ImageIcon@4644f12b,1.0,0.9933071490757153,00104CA0,_FINI_0,Normal,00104010,_FINI_0,Normal,0,5,0,0,6,0
javax.swing.ImageIcon@4644f12b,1.0,0.9933071490757153,001053C0,argmatch,Normal,0010B8C0,argmatch,Normal,0,14,0,0,19,0
javax.swing.ImageIcon@4644f12b,1.0,0.9933071490757153,001054D0,argmatch_exact,Normal,0010B9D0,argmatch_exact,Normal,0,6,0,0,7,0
javax.swing.ImageIcon@4644f12b,1.0,0.9933071490757153,00105530,argmatch_invalid,Normal,0010BA30,argmatch_invalid,Normal,0,4,0,0,5,0
javax.swing.ImageIcon@4644f12b,1.0,0.9933071490757153,001056F0,__xargmatch_internal,Normal,0010BBF0,__xargmatch_internal,Normal,0,10,0,0,13,0
javax.swing.ImageIcon@4644f12b,1.0,0.9933071490757153,001057C0,argmatch_to_argument,Normal,0010BCC0,argmatch_to_argument,Normal,0,5,0,0,7,0
javax.swing.ImageIcon@4644f12b,1.0,0.9933071490757153,00105970,close_stdout,Normal,0010C7B0,close_stdout,Normal,0,9,0,0,14,0
javax.swing.ImageIcon@4644f12b,1.0,0.9933071490757153,00106AE0,rpl_fclose,Normal,00113370,rpl_fclose,Normal,0,9,0,0,13,0
javax.swing.ImageIcon@4644f12b,1.0,0.9933071490757153,00106B60,rpl_fflush,Normal,0010CB10,rpl_fflush,Normal,0,6,0,0,8,0
javax.swing.ImageIcon@4644f12b,1.0,0.9933071490757153,00108A20,rpl_fseeko,Normal,0010CF30,rpl_fseeko,Normal,0,9,0,0,11,0
javax.swing.ImageIcon@4644f12b,1.0,0.9933071490757153,0010B050,raw_hasher,Normal,0010D020,raw_hasher,Normal,0,1,0,0,0,0
javax.swing.ImageIcon@4644f12b,1.0,0.9933071490757153,0010B070,check_tuning,Normal,0010D040,check_tuning,Normal,0,11,0,0,17,0
javax.swing.ImageIcon@4644f12b,1.0,0.9933071490757153,0010B100,hash_find_entry,Normal,0010D0D0,hash_find_entry,Normal,0,18,0,0,25,0
javax.swing.ImageIcon@4644f12b,1.0,0.9933071490757153,0010B210,compute_bucket_size.isra.0,Normal,0010D1E0,compute_bucket_size.isra.0,Normal,0,22,0,0,33,0
javax.swing.ImageIcon@4644f12b,1.0,0.9933071490757153,0010B350,transfer_entries,Normal,0010D320,transfer_entries,Normal,0,23,0,0,35,0
javax.swing.ImageIcon@4644f12b,1.0,0.9933071490757153,0010B4F0,hash_get_max_bucket_length,Normal,0010D4C0,hash_get_max_bucket_length,Normal,0,9,0,0,14,0
javax.swing.ImageIcon@4644f12b,1.0,0.9933071490757153,0010B550,hash_table_ok,Normal,0010D520,hash_table_ok,Normal,0,11,0,0,16,0
javax.swing.ImageIcon@4644f12b,1.0,0.9933071490757153,0010B5C0,hash_print_statistics,Normal,0010D590,hash_print_statistics,Normal,0,14,0,0,23,0
javax.swing.ImageIcon@4644f12b,1.0,0.9933071490757153,0010B720,hash_lookup,Normal,0010D6F0,hash_lookup,Normal,0,10,0,0,13,0
javax.swing.ImageIcon@4644f12b,1.0,0.9933071490757153,0010B790,hash_get_first,Normal,0010D760,hash_get_first,Normal,0,8,0,0,10,0
javax.swing.ImageIcon@4644f12b,1.0,0.9933071490757153,0010B7E0,hash_get_next,Normal,0010D7B0,hash_get_next,Normal,0,11,0,0,15,0
javax.swing.ImageIcon@4644f12b,1.0,0.9933071490757153,0010B860,hash_get_entries,Normal,0010D830,hash_get_entries,Normal,0,8,0,0,11,0
javax.swing.ImageIcon@4644f12b,1.0,0.9933071490757153,0010B8B0,hash_do_for_each,Normal,0010D880,hash_do_for_each,Normal,0,11,0,0,15,0
javax.swing.ImageIcon@4644f12b,1.0,0.9933071490757153,0010B930,hash_string,Normal,0010D900,hash_string,Normal,0,4,0,0,5,0
javax.swing.ImageIcon@4644f12b,1.0,0.9933071490757153,0010B970,hash_reset_tuning,Normal,0010D940,hash_reset_tuning,Normal,0,1,0,0,0,0
javax.swing.ImageIcon@4644f12b,1.0,0.9933071490757153,0010B990,hash_initialize,Normal,0010D960,hash_initialize,Normal,0,7,0,0,10,0
javax.swing.ImageIcon@4644f12b,1.0,0.9933071490757153,0010BA90,hash_clear,Normal,0010DA60,hash_clear,Normal,0,14,0,0,21,0
javax.swing.ImageIcon@4644f12b,1.0,0.9933071490757153,0010BC30,hash_rehash,Normal,0010DC00,hash_rehash,Normal,0,13,0,0,20,0
javax.swing.ImageIcon@4644f12b,1.0,0.9933071490757153,0010BDC0,hash_insert_if_absent,Normal,0010DD90,hash_insert_if_absent,Normal,0,31,0,0,47,0
javax.swing.ImageIcon@4644f12b,1.0,0.9933071490757153,0010BFE0,hash_insert,Normal,0010DFB0,hash_insert,Normal,0,6,0,0,7,0
javax.swing.ImageIcon@4644f12b,1.0,0.9933071490757153,0010C040,hash_remove,Normal,0010E010,hash_remove,Normal,0,22,0,0,34,0
javax.swing.ImageIcon@4644f12b,1.0,0.9933071490757153,0010D310,rpl_mbrtowc,Normal,001136E0,rpl_mbrtowc,Normal,0,7,0,0,10,0
javax.swing.ImageIcon@4644f12b,1.0,0.9933071490757153,0010E2D0,openat_safer,Normal,0010E280,openat_safer,Normal,0,5,0,0,6,0
javax.swing.ImageIcon@4644f12b,1.0,0.9933071490757153,0010E340,opendirat,Normal,0010E2F0,opendirat,Normal,0,5,0,0,6,0
javax.swing.ImageIcon@4644f12b,1.0,0.9933071490757153,0010E450,gettext_quote.part.0,Normal,0010E4F0,gettext_quote.part.0,Normal,0,17,0,0,28,0
javax.swing.ImageIcon@4644f12b,1.0,0.9933071490757153,0010F950,quotearg_n_options,Normal,0010F9F0,quotearg_n_options,Normal,0,13,0,0,18,0
javax.swing.ImageIcon@4644f12b,1.0,0.9933071490757153,0010FCD0,quotearg_alloc_mem,Normal,0010FD70,quotearg_alloc_mem,Normal,0,3,0,0,3,0
javax.swing.ImageIcon@4644f12b,1.0,0.9933071490757153,0010FDD0,quotearg_free,Normal,0010FE70,quotearg_free,Normal,0,8,0,0,11,0
javax.swing.ImageIcon@4644f12b,1.0,0.9933071490757153,0010FEE0,quotearg_n_style,Normal,0010FF80,quotearg_n_style,Normal,0,4,0,0,5,0
javax.swing.ImageIcon@4644f12b,1.0,0.9933071490757153,0010FF70,quotearg_n_style_mem,Normal,00110010,quotearg_n_style_mem,Normal,0,4,0,0,5,0
javax.swing.ImageIcon@4644f12b,1.0,0.9933071490757153,00110000,quotearg_style,Normal,001100A0,quotearg_style,Normal,0,4,0,0,5,0
javax.swing.ImageIcon@4644f12b,1.0,0.9933071490757153,00110090,quotearg_style_mem,Normal,00110130,quotearg_style_mem,Normal,0,4,0,0,5,0
javax.swing.ImageIcon@4644f12b,1.0,0.9933071490757153,00110380,quotearg_n_style_colon,Normal,00110420,quotearg_n_style_colon,Normal,0,4,0,0,5,0
javax.swing.ImageIcon@4644f12b,1.0,0.9933071490757153,00110420,quotearg_n_custom,Normal,001104C0,quotearg_n_custom,Normal,0,5,0,0,7,0
javax.swing.ImageIcon@4644f12b,1.0,0.9933071490757153,001104C0,quotearg_n_custom_mem,Normal,00110560,quotearg_n_custom_mem,Normal,0,5,0,0,7,0
javax.swing.ImageIcon@4644f12b,1.0,0.9933071490757153,00110560,quotearg_custom,Normal,00110600,quotearg_custom,Normal,0,5,0,0,7,0
javax.swing.ImageIcon@4644f12b,1.0,0.9933071490757153,00110600,quotearg_custom_mem,Normal,001106A0,quotearg_custom_mem,Normal,0,5,0,0,7,0
javax.swing.ImageIcon@4644f12b,1.0,0.9933071490757153,00110D00,fd_safer,Normal,001113D0,fd_safer,Normal,0,3,0,0,2,0
javax.swing.ImageIcon@4644f12b,1.0,0.9933071490757153,00110D50,version_etc_arn,Normal,00111DC0,version_etc_arn,Normal,0,21,0,0,30,0
javax.swing.ImageIcon@4644f12b,1.0,0.9933071490757153,001111C0,version_etc_ar,Normal,00112230,version_etc_ar,Normal,0,4,0,0,6,0
javax.swing.ImageIcon@4644f12b,1.0,0.9933071490757153,001111E0,version_etc_va,Normal,00112250,version_etc_va,Normal,0,9,0,0,13,0
javax.swing.ImageIcon@4644f12b,1.0,0.9933071490757153,00111280,version_etc,Normal,001122F0,version_etc,Normal,0,9,0,0,13,0
javax.swing.ImageIcon@4644f12b,1.0,0.9933071490757153,00111400,xnrealloc,Normal,001124D0,xnrealloc,Normal,0,6,0,0,9,0
javax.swing.ImageIcon@4644f12b,1.0,0.9933071490757153,001114A0,xrealloc,Normal,00112570,xrealloc,Normal,0,5,0,0,7,0
javax.swing.ImageIcon@4644f12b,1.0,0.9933071490757153,00111500,xreallocarray,Normal,001125D0,xreallocarray,Normal,0,6,0,0,9,0
javax.swing.ImageIcon@4644f12b,1.0,0.9933071490757153,00111540,xireallocarray,Normal,00112610,xireallocarray,Normal,0,6,0,0,8,0
javax.swing.ImageIcon@4644f12b,1.0,0.9933071490757153,001115B0,xinmalloc,Normal,00112680,xinmalloc,Normal,0,7,0,0,9,0
javax.swing.ImageIcon@4644f12b,1.0,0.9933071490757153,001115F0,x2realloc,Normal,001126C0,x2realloc,Normal,0,8,0,0,11,0
javax.swing.ImageIcon@4644f12b,1.0,0.9933071490757153,00111670,x2nrealloc,Normal,00112740,x2nrealloc,Normal,0,11,0,0,16,0
javax.swing.ImageIcon@4644f12b,1.0,0.9933071490757153,00111700,xpalloc,Normal,001127D0,xpalloc,Normal,0,20,0,0,32,0
javax.swing.ImageIcon@4644f12b,1.0,0.9933071490757153,00112DE0,close_stream,Normal,00113270,close_stream,Normal,0,8,0,0,11,0
javax.swing.ImageIcon@4644f12b,1.0,0.9933071490757153,00112EE0,rpl_fcntl,Normal,001133F0,rpl_fcntl,Normal,0,34,0,0,53,0
javax.swing.ImageIcon@4644f12b,1.0,0.9933071490757153,00113150,open_safer,Normal,0010CA00,open_safer,Normal,0,5,0,0,6,0
javax.swing.ImageIcon@4644f12b,1.0,0.9933071490757153,001131C0,hard_locale,Normal,00114840,hard_locale,Normal,0,9,0,0,13,0
javax.swing.ImageIcon@4644f12b,1.0,0.9933071490757153,00113240,locale_charset,Normal,001136A0,locale_charset,Normal,0,3,0,0,2,0
javax.swing.ImageIcon@4644f12b,1.0,0.9933071490757153,00113280,setlocale_null_r,Normal,001148C0,setlocale_null_r,Normal,0,8,0,0,9,0
javax.swing.ImageIcon@4644f12b,1.0,0.9933071490757153,00113350,atexit,Normal,00115940,atexit,Normal,0,2,0,0,1,0
javax.swing.ImageIcon@3c06d964,1.0,0.6224593312018547,00103030,__ctype_toupper_loc,Thunk,001032E0,acl_get_tag_type,Thunk,0,1,0,0,0,0
javax.swing.ImageIcon@3c06d964,1.0,0.6224593312018547,00103130,setenv,Thunk,00103330,rewinddir,Thunk,0,1,0,0,0,0
javax.swing.ImageIcon@3c06d964,1.0,0.6224593312018547,001031F0,dup2,Thunk,00103340,strspn,Thunk,0,1,0,0,0,0
javax.swing.ImageIcon@3c06d964,1.0,0.6224593312018547,00103200,strchr,Thunk,00103350,closedir,Thunk,0,1,0,0,0,0
javax.swing.ImageIcon@3c06d964,1.0,0.6224593312018547,00103240,__assert_fail,Thunk,00103370,read,Thunk,0,1,0,0,0,0
javax.swing.ImageIcon@3c06d964,1.0,0.6224593312018547,00103260,freopen,Thunk,00103380,lstat,Thunk,0,1,0,0,0,0
javax.swing.ImageIcon@3c06d964,1.0,0.6224593312018547,00103280,closedir,Thunk,001033A0,fallocate,Thunk,0,1,0,0,0,0
javax.swing.ImageIcon@3c06d964,1.0,0.6224593312018547,001032A0,fputc,Thunk,001033E0,__getdelim,Thunk,0,1,0,0,0,0
javax.swing.ImageIcon@3c06d964,1.0,0.6224593312018547,00103310,dirfd,Thunk,00103420,readlinkat,Thunk,0,1,0,0,0,0
javax.swing.ImageIcon@3c06d964,1.0,0.6224593312018547,00103370,tzset,Thunk,00103460,mknodat,Thunk,0,1,0,0,0,0
javax.swing.ImageIcon@3c06d964,1.0,0.6224593312018547,001033D0,getmntent,Thunk,00103480,mkdirat,Thunk,0,1,0,0,0,0
javax.swing.ImageIcon@3c06d964,1.0,0.6224593312018547,001033E0,setmntent,Thunk,00103490,umask,Thunk,0,1,0,0,0,0
javax.swing.ImageIcon@3c06d964,1.0,0.6224593312018547,00103400,__isoc99_sscanf,Thunk,001034A0,stat,Thunk,0,1,0,0,0,0
javax.swing.ImageIcon@3c06d964,1.0,0.6224593312018547,00103410,regexec,Thunk,001034D0,readdir,Thunk,0,1,0,0,0,0
javax.swing.ImageIcon@3c06d964,1.0,0.6224593312018547,00103430,fchdir,Thunk,00103500,acl_get_file,Thunk,0,1,0,0,0,0
javax.swing.ImageIcon@3c06d964,1.0,0.6224593312018547,00103470,strftime,Thunk,00103510,fchmodat,Thunk,0,1,0,0,0,0
javax.swing.ImageIcon@3c06d964,1.0,0.6224593312018547,00103480,memmove,Thunk,00103540,attr_copy_fd,Thunk,0,1,0,0,0,0
javax.swing.ImageIcon@3c06d964,1.0,0.6224593312018547,001034D0,towlower,Thunk,00103580,linkat,Thunk,0,1,0,0,0,0
javax.swing.ImageIcon@3c06d964,1.0,0.6224593312018547,001034E0,strtoumax,Thunk,001035B0,fchmod,Thunk,0,1,0,0,0,0
javax.swing.ImageIcon@3c06d964,1.0,0.6224593312018547,00103500,unsetenv,Thunk,001035C0,chmod,Thunk,0,1,0,0,0,0
javax.swing.ImageIcon@3c06d964,1.0,0.6224593312018547,00103510,fstatfs,Thunk,001035D0,mempcpy,Thunk,0,1,0,0,0,0
javax.swing.ImageIcon@3c06d964,1.0,0.6224593312018547,00103590,hasmntopt,Thunk,00103630,fchown,Thunk,0,1,0,0,0,0
javax.swing.ImageIcon@3c06d964,1.0,0.6224593312018547,001035D0,strstr,Thunk,00103670,fchownat,Thunk,0,1,0,0,0,0
javax.swing.ImageIcon@3c06d964,1.0,0.6224593312018547,001035E0,fstatat,Thunk,00103680,renameat,Thunk,0,1,0,0,0,0
javax.swing.ImageIcon@3c06d964,1.0,0.6224593312018547,001035F0,__ctype_tolower_loc,Thunk,00103690,getpagesize,Thunk,0,1,0,0,0,0
javax.swing.ImageIcon@3c06d964,1.0,0.6224593312018547,00103610,__sprintf_chk,Thunk,001036D0,getrandom,Thunk,0,1,0,0,0,0
javax.swing.ImageIcon@3c06d964,1.0,0.6224593312018547,00105D30,string_hasher,Thunk,0010C9C0,fdadvise,Thunk,0,1,0,0,1,0
javax.swing.ImageIcon@3c06d964,1.0,0.7310585786300051,00103050,strtoimax,Thunk,00103430,dirfd,Thunk,0,1,0,0,0,0
javax.swing.ImageIcon@3c06d964,1.0,0.7310585786300051,00103060,endmntent,Thunk,001032F0,ioctl,Thunk,0,1,0,0,0,0
javax.swing.ImageIcon@3c06d964,1.0,0.7310585786300051,001030B0,strcpy,Thunk,00103300,copy_file_range,Thunk,0,1,0,0,0,0
javax.swing.ImageIcon@3c06d964,1.0,0.7310585786300051,001030D0,ferror,Thunk,00103310,canonicalize_file_name,Thunk,0,1,0,0,0,0
javax.swing.ImageIcon@3c06d964,1.0,0.7310585786300051,001030E0,qsort,Thunk,001035E0,attr_copy_file,Thunk,0,1,0,0,0,0
javax.swing.ImageIcon@3c06d964,1.0,0.7310585786300051,001030F0,iswcntrl,Thunk,00103360,posix_fadvise,Thunk,0,1,0,0,0,0
javax.swing.ImageIcon@3c06d964,1.0,0.7310585786300051,00103110,localeconv,Thunk,00103110,qsort,Thunk,0,1,0,0,0,0
javax.swing.ImageIcon@3c06d964,1.0,0.7310585786300051,00103290,regcomp,Thunk,001033D0,acl_set_file,Thunk,0,1,0,0,0,0
javax.swing.ImageIcon@3c06d964,1.0,0.7310585786300051,001032B0,memchr,Thunk,001033F0,acl_from_mode,Thunk,0,1,0,0,0,0
javax.swing.ImageIcon@3c06d964,1.0,0.7310585786300051,001032F0,__getdelim,Thunk,00103410,acl_get_fd,Thunk,0,1,0,0,0,0
javax.swing.ImageIcon@3c06d964,1.0,0.7310585786300051,00103330,__memcpy_chk,Thunk,001031D0,stpcpy,Thunk,0,1,0,0,0,0
javax.swing.ImageIcon@3c06d964,1.0,0.7310585786300051,00103340,feof,Thunk,00103170,write,Thunk,0,1,0,0,0,0
javax.swing.ImageIcon@3c06d964,1.0,0.7310585786300051,00103350,stat,Thunk,00103450,fpathconf,Thunk,0,1,0,0,0,0
javax.swing.ImageIcon@3c06d964,1.0,0.7310585786300051,00103390,readdir,Thunk,00103470,rpmatch,Thunk,0,1,0,0,0,0
javax.swing.ImageIcon@3c06d964,1.0,0.7310585786300051,001033A0,wcwidth,Thunk,00103600,attr_copy_check_permissions,Thunk,0,1,0,0,0,0
javax.swing.ImageIcon@3c06d964,1.0,0.7310585786300051,001034C0,fopen,Thunk,00103560,acl_get_entry,Thunk,0,1,0,0,0,0
javax.swing.ImageIcon@3c06d964,1.0,0.7310585786300051,001035A0,fstat,Thunk,00103650,futimens,Thunk,0,1,0,0,0,0
javax.swing.ImageIcon@3c06d964,1.0,0.7310585786300051,001035B0,getc,Thunk,00103530,renameat2,Thunk,0,1,0,0,0,0
javax.swing.ImageIcon@3c06d964,1.0,0.7310585786300051,001035C0,getdelim,Thunk,001036E0,aligned_alloc,Thunk,0,1,0,0,0,0
javax.swing.ImageIcon@3c06d964,1.0,0.9241418199787566,00103628,localtime_r,Thunk,001031B0,opendir,Thunk,0,1,0,0,0,0
javax.swing.ImageIcon@3c06d964,1.0,0.9525741268224334,00103180,regfree,Thunk,001030A0,error_at_line,Thunk,0,1,0,0,0,0
javax.swing.ImageIcon@3c06d964,1.0,0.9706877692486436,00103040,getenv,Thunk,00103030,getenv,Thunk,0,1,0,0,0,0
javax.swing.ImageIcon@3c06d964,1.0,0.9706877692486436,00103070,abort,Thunk,00103080,abort,Thunk,0,1,0,0,0,0
javax.swing.ImageIcon@3c06d964,1.0,0.9706877692486436,00103080,__errno_location,Thunk,00103090,__errno_location,Thunk,0,1,0,0,0,0
javax.swing.ImageIcon@3c06d964,1.0,0.9706877692486436,00103090,strncmp,Thunk,001030C0,strncmp,Thunk,0,1,0,0,0,0
javax.swing.ImageIcon@3c06d964,1.0,0.9706877692486436,001030A0,_exit,Thunk,001030D0,_exit,Thunk,0,1,0,0,0,0
javax.swing.ImageIcon@3c06d964,1.0,0.9706877692486436,00103170,dcgettext,Thunk,001031E0,dcgettext,Thunk,0,1,0,0,0,0
javax.swing.ImageIcon@3c06d964,1.0,0.9706877692486436,00103190,__ctype_get_mb_cur_max,Thunk,001031F0,__ctype_get_mb_cur_max,Thunk,0,1,0,0,0,0
javax.swing.ImageIcon@3c06d964,1.0,0.9706877692486436,001031A0,strlen,Thunk,00103200,strlen,Thunk,0,1,0,0,0,0
javax.swing.ImageIcon@3c06d964,1.0,0.9706877692486436,001031C0,__stack_chk_fail,Thunk,00103230,__stack_chk_fail,Thunk,0,1,0,0,0,0
javax.swing.ImageIcon@3c06d964,1.0,0.9706877692486436,00103220,strrchr,Thunk,00103280,strrchr,Thunk,0,1,0,0,0,0
javax.swing.ImageIcon@3c06d964,1.0,0.9706877692486436,00103230,lseek,Thunk,001032A0,lseek,Thunk,0,1,0,0,0,0
javax.swing.ImageIcon@3c06d964,1.0,0.9706877692486436,00103270,close,Thunk,00103320,close,Thunk,0,1,0,0,0,0
javax.swing.ImageIcon@3c06d964,1.0,0.9706877692486436,001032C0,memcmp,Thunk,00103390,memcmp,Thunk,0,1,0,0,0,0
javax.swing.ImageIcon@3c06d964,1.0,0.9706877692486436,001032D0,fputs_unlocked,Thunk,001033B0,fputs_unlocked,Thunk,0,1,0,0,0,0
javax.swing.ImageIcon@3c06d964,1.0,0.9706877692486436,00103300,strcmp,Thunk,00103400,strcmp,Thunk,0,1,0,0,0,0
javax.swing.ImageIcon@3c06d964,1.0,0.9706877692486436,00103360,memcpy,Thunk,001034B0,memcpy,Thunk,0,1,0,0,0,0
javax.swing.ImageIcon@3c06d964,1.0,0.9706877692486436,001033B0,malloc,Thunk,001034E0,malloc,Thunk,0,1,0,0,0,0
javax.swing.ImageIcon@3c06d964,1.0,0.9706877692486436,00103440,realloc,Thunk,00103570,realloc,Thunk,0,1,0,0,0,0
javax.swing.ImageIcon@3c06d964,1.0,0.9706877692486436,00103460,__printf_chk,Thunk,001035A0,__printf_chk,Thunk,0,1,0,0,0,0
javax.swing.ImageIcon@3c06d964,1.0,0.9706877692486436,00103490,error,Thunk,001035F0,error,Thunk,0,1,0,0,0,0
javax.swing.ImageIcon@3c06d964,1.0,0.9706877692486436,001034A0,open,Thunk,00103610,open,Thunk,0,1,0,0,0,0
javax.swing.ImageIcon@3c06d964,1.0,0.9706877692486436,001034F0,fdopendir,Thunk,00103640,fdopendir,Thunk,0,1,0,0,0,0
javax.swing.ImageIcon@3c06d964,1.0,0.9706877692486436,00103540,fwrite,Thunk,001036B0,fwrite,Thunk,0,1,0,0,0,0
javax.swing.ImageIcon@3c06d964,1.0,0.9706877692486436,00103550,__fprintf_chk,Thunk,001036C0,__fprintf_chk,Thunk,0,1,0,0,0,0
javax.swing.ImageIcon@3c06d964,1.0,0.9706877692486436,00103570,mbsinit,Thunk,001036F0,mbsinit,Thunk,0,1,0,0,0,0
javax.swing.ImageIcon@3c06d964,1.0,0.9706877692486436,00103600,__ctype_b_loc,Thunk,00103740,__ctype_b_loc,Thunk,0,1,0,0,0,0
javax.swing.ImageIcon@3c06d964,1.0,0.9706877692486436,00103620,free,Thunk,00103760,free,Thunk,0,1,0,0,0,0
javax.swing.ImageIcon@3c06d964,1.0,0.9706877692486436,00104CE0,_INIT_0,Thunk,00104050,_INIT_0,Thunk,0,1,0,0,1,0
javax.swing.ImageIcon@3c06d964,1.0,0.9706877692486436,0010C1D0,hash_delete,Thunk,0010E1A0,hash_delete,Thunk,0,1,0,0,1,0
javax.swing.ImageIcon@3c06d964,1.0,0.9820137900379085,001030C0,__fpending,Thunk,001030E0,__fpending,Thunk,0,1,0,0,0,0
javax.swing.ImageIcon@3c06d964,1.0,0.9820137900379085,00103100,reallocarray,Thunk,00103120,reallocarray,Thunk,0,1,0,0,0,0
javax.swing.ImageIcon@3c06d964,1.0,0.9820137900379085,00103120,fcntl,Thunk,00103150,fcntl,Thunk,0,1,0,0,0,0
javax.swing.ImageIcon@3c06d964,1.0,0.9820137900379085,00103140,textdomain,Thunk,00103180,textdomain,Thunk,0,1,0,0,0,0
javax.swing.ImageIcon@3c06d964,1.0,0.9820137900379085,00103150,fclose,Thunk,001031A0,fclose,Thunk,0,1,0,0,0,0
javax.swing.ImageIcon@3c06d964,1.0,0.9820137900379085,00103160,bindtextdomain,Thunk,001031C0,bindtextdomain,Thunk,0,1,0,0,0,0
javax.swing.ImageIcon@3c06d964,1.0,0.9820137900379085,001031B0,openat,Thunk,00103220,openat,Thunk,0,1,0,0,0,0
javax.swing.ImageIcon@3c06d964,1.0,0.9820137900379085,001031D0,getopt_long,Thunk,00103240,getopt_long,Thunk,0,1,0,0,0,0
javax.swing.ImageIcon@3c06d964,1.0,0.9820137900379085,001031E0,mbrtowc,Thunk,00103250,mbrtowc,Thunk,0,1,0,0,0,0
javax.swing.ImageIcon@3c06d964,1.0,0.9820137900379085,00103250,memset,Thunk,001032C0,memset,Thunk,0,1,0,0,0,0
javax.swing.ImageIcon@3c06d964,1.0,0.9820137900379085,001032E0,calloc,Thunk,001033C0,calloc,Thunk,0,1,0,0,0,0
javax.swing.ImageIcon@3c06d964,1.0,0.9820137900379085,00103320,fputc_unlocked,Thunk,00103440,fputc_unlocked,Thunk,0,1,0,0,0,0
javax.swing.ImageIcon@3c06d964,1.0,0.9820137900379085,00103380,fileno,Thunk,001034C0,fileno,Thunk,0,1,0,0,0,0
javax.swing.ImageIcon@3c06d964,1.0,0.9820137900379085,001033F0,nl_langinfo,Thunk,00103520,nl_langinfo,Thunk,0,1,0,0,0,0
javax.swing.ImageIcon@3c06d964,1.0,0.9820137900379085,00103420,__freading,Thunk,00103550,__freading,Thunk,0,1,0,0,0,0
javax.swing.ImageIcon@3c06d964,1.0,0.9820137900379085,00103450,setlocale,Thunk,00103590,setlocale,Thunk,0,1,0,0,0,0
javax.swing.ImageIcon@3c06d964,1.0,0.9820137900379085,00103530,exit,Thunk,001036A0,exit,Thunk,0,1,0,0,0,0
javax.swing.ImageIcon@3c06d964,1.0,0.9820137900379085,00103580,iswprint,Thunk,00103710,iswprint,Thunk,0,1,0,0,0,0
javax.swing.ImageIcon@3c06d964,1.0,0.9820137900379085,00103638,__cxa_finalize,Thunk,00103768,__cxa_finalize,Thunk,0,1,0,0,0,0
javax.swing.ImageIcon@43a13d49,1.0,0.9933071490757153,0011C008,getenv,Thunk,0011F000,getenv,Thunk,-1,0,-1,-1,0,-1
javax.swing.ImageIcon@43a13d49,1.0,0.9933071490757153,0011C020,__libc_start_main,Thunk,0011F028,__libc_start_main,Thunk,-1,0,-1,-1,0,-1
javax.swing.ImageIcon@43a13d49,1.0,0.9933071490757153,0011C028,abort,Thunk,0011F030,abort,Thunk,-1,0,-1,-1,0,-1
javax.swing.ImageIcon@43a13d49,1.0,0.9933071490757153,0011C030,__errno_location,Thunk,0011F038,__errno_location,Thunk,-1,0,-1,-1,0,-1
javax.swing.ImageIcon@43a13d49,1.0,0.9933071490757153,0011C038,strncmp,Thunk,0011F050,strncmp,Thunk,-1,0,-1,-1,0,-1
javax.swing.ImageIcon@43a13d49,1.0,0.9933071490757153,0011C040,_ITM_deregisterTMCloneTable,Thunk,0011F058,_ITM_deregisterTMCloneTable,Thunk,-1,0,-1,-1,0,-1
javax.swing.ImageIcon@43a13d49,1.0,0.9933071490757153,0011C048,_exit,Thunk,0011F060,_exit,Thunk,-1,0,-1,-1,0,-1
javax.swing.ImageIcon@43a13d49,1.0,0.9933071490757153,0011C058,__fpending,Thunk,0011F068,__fpending,Thunk,-1,0,-1,-1,0,-1
javax.swing.ImageIcon@43a13d49,1.0,0.9933071490757153,0011C078,reallocarray,Thunk,0011F088,reallocarray,Thunk,-1,0,-1,-1,0,-1
javax.swing.ImageIcon@43a13d49,1.0,0.9933071490757153,0011C088,fcntl,Thunk,0011F0A0,fcntl,Thunk,-1,0,-1,-1,0,-1
javax.swing.ImageIcon@43a13d49,1.0,0.9933071490757153,0011C098,textdomain,Thunk,0011F0B8,textdomain,Thunk,-1,0,-1,-1,0,-1
javax.swing.ImageIcon@43a13d49,1.0,0.9933071490757153,0011C0A0,fclose,Thunk,0011F0C8,fclose,Thunk,-1,0,-1,-1,0,-1
javax.swing.ImageIcon@43a13d49,1.0,0.9933071490757153,0011C0A8,bindtextdomain,Thunk,0011F0D8,bindtextdomain,Thunk,-1,0,-1,-1,0,-1
javax.swing.ImageIcon@43a13d49,1.0,0.9933071490757153,0011C0B0,dcgettext,Thunk,0011F0E8,dcgettext,Thunk,-1,0,-1,-1,0,-1
javax.swing.ImageIcon@43a13d49,1.0,0.9933071490757153,0011C0C0,__ctype_get_mb_cur_max,Thunk,0011F0F0,__ctype_get_mb_cur_max,Thunk,-1,0,-1,-1,0,-1
javax.swing.ImageIcon@43a13d49,1.0,0.9933071490757153,0011C0C8,strlen,Thunk,0011F0F8,strlen,Thunk,-1,0,-1,-1,0,-1
javax.swing.ImageIcon@43a13d49,1.0,0.9933071490757153,0011C0D0,openat,Thunk,0011F108,openat,Thunk,-1,0,-1,-1,0,-1
javax.swing.ImageIcon@43a13d49,1.0,0.9933071490757153,0011C0D8,__stack_chk_fail,Thunk,0011F110,__stack_chk_fail,Thunk,-1,0,-1,-1,0,-1
javax.swing.ImageIcon@43a13d49,1.0,0.9933071490757153,0011C0E0,getopt_long,Thunk,0011F118,getopt_long,Thunk,-1,0,-1,-1,0,-1
javax.swing.ImageIcon@43a13d49,1.0,0.9933071490757153,0011C0E8,mbrtowc,Thunk,0011F120,mbrtowc,Thunk,-1,0,-1,-1,0,-1
javax.swing.ImageIcon@43a13d49,1.0,0.9933071490757153,0011C108,strrchr,Thunk,0011F138,strrchr,Thunk,-1,0,-1,-1,0,-1
javax.swing.ImageIcon@43a13d49,1.0,0.9933071490757153,0011C110,lseek,Thunk,0011F148,lseek,Thunk,-1,0,-1,-1,0,-1
javax.swing.ImageIcon@43a13d49,1.0,0.9933071490757153,0011C128,memset,Thunk,0011F158,memset,Thunk,-1,0,-1,-1,0,-1
javax.swing.ImageIcon@43a13d49,1.0,0.9933071490757153,0011C138,close,Thunk,0011F188,close,Thunk,-1,0,-1,-1,0,-1
javax.swing.ImageIcon@43a13d49,1.0,0.9933071490757153,0011C160,memcmp,Thunk,0011F1C0,memcmp,Thunk,-1,0,-1,-1,0,-1
javax.swing.ImageIcon@43a13d49,1.0,0.9933071490757153,0011C168,fputs_unlocked,Thunk,0011F1D0,fputs_unlocked,Thunk,-1,0,-1,-1,0,-1
javax.swing.ImageIcon@43a13d49,1.0,0.9933071490757153,0011C170,calloc,Thunk,0011F1D8,calloc,Thunk,-1,0,-1,-1,0,-1
javax.swing.ImageIcon@43a13d49,1.0,0.9933071490757153,0011C180,strcmp,Thunk,0011F1F8,strcmp,Thunk,-1,0,-1,-1,0,-1
javax.swing.ImageIcon@43a13d49,1.0,0.9933071490757153,0011C190,fputc_unlocked,Thunk,0011F218,fputc_unlocked,Thunk,-1,0,-1,-1,0,-1
javax.swing.ImageIcon@43a13d49,1.0,0.9933071490757153,0011C1A8,__gmon_start__,Thunk,0011F240,__gmon_start__,Thunk,-1,0,-1,-1,0,-1
javax.swing.ImageIcon@43a13d49,1.0,0.9933071490757153,0011C1B8,memcpy,Thunk,0011F258,memcpy,Thunk,-1,0,-1,-1,0,-1
javax.swing.ImageIcon@43a13d49,1.0,0.9933071490757153,0011C1C8,fileno,Thunk,0011F260,fileno,Thunk,-1,0,-1,-1,0,-1
javax.swing.ImageIcon@43a13d49,1.0,0.9933071490757153,0011C1E0,malloc,Thunk,0011F270,malloc,Thunk,-1,0,-1,-1,0,-1
javax.swing.ImageIcon@43a13d49,1.0,0.9933071490757153,0011C1E8,fflush,Thunk,0011F278,fflush,Thunk,-1,0,-1,-1,0,-1
javax.swing.ImageIcon@43a13d49,1.0,0.9933071490757153,0011C200,nl_langinfo,Thunk,0011F290,nl_langinfo,Thunk,-1,0,-1,-1,0,-1
javax.swing.ImageIcon@43a13d49,1.0,0.9933071490757153,0011C218,__freading,Thunk,0011F2A8,__freading,Thunk,-1,0,-1,-1,0,-1
javax.swing.ImageIcon@43a13d49,1.0,0.9933071490757153,0011C228,realloc,Thunk,0011F2B8,realloc,Thunk,-1,0,-1,-1,0,-1
javax.swing.ImageIcon@43a13d49,1.0,0.9933071490757153,0011C230,setlocale,Thunk,0011F2C8,setlocale,Thunk,-1,0,-1,-1,0,-1
javax.swing.ImageIcon@43a13d49,1.0,0.9933071490757153,0011C238,__printf_chk,Thunk,0011F2D0,__printf_chk,Thunk,-1,0,-1,-1,0,-1
javax.swing.ImageIcon@43a13d49,1.0,0.9933071490757153,0011C250,error,Thunk,0011F2F8,error,Thunk,-1,0,-1,-1,0,-1
javax.swing.ImageIcon@43a13d49,1.0,0.9933071490757153,0011C258,open,Thunk,0011F308,open,Thunk,-1,0,-1,-1,0,-1
javax.swing.ImageIcon@43a13d49,1.0,0.9933071490757153,0011C260,fseeko,Thunk,0011F310,fseeko,Thunk,-1,0,-1,-1,0,-1
javax.swing.ImageIcon@43a13d49,1.0,0.9933071490757153,0011C280,fdopendir,Thunk,0011F320,fdopendir,Thunk,-1,0,-1,-1,0,-1
javax.swing.ImageIcon@43a13d49,1.0,0.9933071490757153,0011C298,__cxa_atexit,Thunk,0011F330,__cxa_atexit,Thunk,-1,0,-1,-1,0,-1
javax.swing.ImageIcon@43a13d49,1.0,0.9933071490757153,0011C2A0,exit,Thunk,0011F350,exit,Thunk,-1,0,-1,-1,0,-1
javax.swing.ImageIcon@43a13d49,1.0,0.9933071490757153,0011C2A8,fwrite,Thunk,0011F358,fwrite,Thunk,-1,0,-1,-1,0,-1
javax.swing.ImageIcon@43a13d49,1.0,0.9933071490757153,0011C2B0,__fprintf_chk,Thunk,0011F360,__fprintf_chk,Thunk,-1,0,-1,-1,0,-1
javax.swing.ImageIcon@43a13d49,1.0,0.9933071490757153,0011C2B8,_ITM_registerTMCloneTable,Thunk,0011F368,_ITM_registerTMCloneTable,Thunk,-1,0,-1,-1,0,-1
javax.swing.ImageIcon@43a13d49,1.0,0.9933071490757153,0011C2C8,mbsinit,Thunk,0011F380,mbsinit,Thunk,-1,0,-1,-1,0,-1
javax.swing.ImageIcon@43a13d49,1.0,0.9933071490757153,0011C2D0,iswprint,Thunk,0011F390,iswprint,Thunk,-1,0,-1,-1,0,-1
javax.swing.ImageIcon@43a13d49,1.0,0.9933071490757153,0011C310,__ctype_b_loc,Thunk,0011F3A8,__ctype_b_loc,Thunk,-1,0,-1,-1,0,-1
javax.swing.ImageIcon@43a13d49,1.0,0.9933071490757153,0011C328,__cxa_finalize,Thunk,0011F3B8,__cxa_finalize,Thunk,-1,0,-1,-1,0,-1
javax.swing.ImageIcon@43a13d49,1.0,0.9933071490757153,0011C330,free,Thunk,0011F3C0,free,Thunk,-1,0,-1,-1,0,-1
javax.swing.ImageIcon@43a13d49,0.9769496120550085,0.9887233930500593,00104EF0,usage,Normal,00104AB0,usage,Normal,0,18,0,1,28,0
javax.swing.ImageIcon@4644f12b,0.9075930642474819,0.9706877692486436,00106190,new_exclude,Normal,001056B0,subst_suffix,Normal,0,1,0,0,1,0
javax.swing.ImageIcon@43a13d49,0.8514960927145038,0.9933071490757153,001055C0,argmatch_valid,Normal,0010BAC0,argmatch_valid,Normal,0,10,1,2,13,2
javax.swing.ImageIcon@4644f12b,0.5757748813617156,0.6224593312018547,00103678,i_ring_pop.cold,Normal,0010CDD0,filemodestring,Normal,0,1,0,0,1,0
javax.swing.ImageIcon@43a13d49,0.49665357453785763,0.9933071490757153,00103210,__overflow,Thunk,0011F130,__overflow,Thunk,1,0,-1,0,0,-1
javax.swing.ImageIcon@4644f12b,0.4818548387096772,0.4999999999999998,00109000,fts_palloc,Normal,00110F40,savedir,Normal,0,5,0,0,4,0
javax.swing.ImageIcon@43a13d49,0.4809360224418947,0.8621583430350641,00112030,xstrtol_fatal,Normal,00111D10,verror_at_line,Normal,7,5,1,14,4,5
javax.swing.ImageIcon@4644f12b,0.4732142857142855,0.4999999999999998,00109070,setup_dir,Normal,0010C490,get_version,Normal,0,5,0,0,4,0
javax.swing.ImageIcon@43a13d49,0.4448041010310876,0.7471242672706696,001064F0,add_exclude,Normal,00105070,do_copy,Normal,4,35,27,40,20,80
javax.swing.ImageIcon@4644f12b,0.43572153184129825,0.6224593312018547,00110710,strnlen1,Normal,0010C980,strip_trailing_slashes,Normal,0,1,0,0,0,0
javax.swing.ImageIcon@43a13d49,0.4292904936785464,0.679178699175393,00108DC0,fts_alloc,Normal,0010CFA0,full_write,Normal,0,3,5,1,2,8
javax.swing.ImageIcon@4644f12b,0.4253472096546007,0.6224593312018547,0010D2F0,is_basic,Normal,00111340,gen_tempname_len,Normal,0,1,0,0,0,0
javax.swing.ImageIcon@4644f12b,0.4208366347908192,0.6224593312018547,00108AE0,fts_compare_ino,Normal,0010E1F0,triple_hash,Normal,0,1,0,0,0,0
javax.swing.ImageIcon@43a13d49,0.4059044167745715,0.7549149868676284,001061A0,free_exclude,Normal,00110C50,streamsavedir,Normal,2,15,18,18,10,38
javax.swing.ImageIcon@43a13d49,0.3925254915421033,0.5840170039681416,0010A0C0,rpl_fts_open,Normal,00105FE0,sparse_copy,Normal,6,55,23,66,34,88
javax.swing.ImageIcon@43a13d49,0.32598989072275153,0.7755640142690734,00106810,add_exclude_fp,Normal,001041C0,make_dir_parents_private,Normal,0,24,42,27,8,94
javax.swing.ImageIcon@43a13d49,0.32128786872256987,0.5340381803161749,00112810,mktime_internal,Normal,001110D0,try_tempname_len,Normal,20,21,4,51,16,21
javax.swing.ImageIcon@43a13d49,0.31363871696888235,0.7310585786300049,00108E60,filesystem_type,Normal,0010AF90,forget_created,Normal,14,5,0,25,4,3
javax.swing.ImageIcon@43a13d49,0.3014890994597398,0.8163487805830781,001036C0,main,Normal,001037E0,main,Normal,167,60,30,337,42,118
javax.swing.ImageIcon@43a13d49,0.26842174591779167,0.5621765008857982,00110880,save_abbr,Normal,0010B720,areadlinkat_with_size,Normal,7,15,9,25,8,29
javax.swing.ImageIcon@43a13d49,0.26112378323585184,0.7310585786300047,0010CDD0,human_options,Normal,0010E400,qcopy_acl,Normal,21,6,0,37,3,5
javax.swing.ImageIcon@4644f12b,0.2604485343793637,0.26894142136999516,0010D260,mb_width_aux,Normal,00105D00,check_selinux_attr,Normal,0,3,0,0,2,0
javax.swing.ImageIcon@4644f12b,0.25885611806862036,0.26894142136999516,0010E280,free_mount_entry,Normal,00111CA0,verror,Normal,0,3,0,0,4,0
javax.swing.ImageIcon@43a13d49,0.2555811120832313,0.48215044559386533,00105E20,string_hasher_ci,Normal,0010ADB0,copy,Normal,17,13,2,34,9,13
javax.swing.ImageIcon@4644f12b,0.25441858461601546,0.26894142136999516,0010AE20,rpl_fts_set,Normal,0010B510,set_acl,Normal,0,3,0,0,2,0
javax.swing.ImageIcon@43a13d49,0.2401061380885982,0.562176500885798,00108750,freopen_safer,Normal,00106860,set_process_security_ctx,Normal,35,7,2,58,6,4
javax.swing.ImageIcon@43a13d49,0.1807613215887215,0.8502855097949843,0010A6D0,rpl_fts_read,Normal,0010B1B0,force_linkat,Normal,101,18,0,186,4,22
javax.swing.ImageIcon@43a13d49,0.17844467904727285,0.26894142136999516,00105B20,di_set_alloc,Normal,0010B130,samedir_template,Normal,2,3,2,5,1,5
javax.swing.ImageIcon@43a13d49,0.17768684310197067,0.33924363123418283,00105840,argv_iter_init_stream,Normal,0010C4E0,xget_version,Normal,1,2,5,3,0,8
javax.swing.ImageIcon@43a13d49,0.17545885067349337,0.24766380113907163,00109190,leave_dir,Normal,00105D50,overwrite_ok,Normal,5,8,4,13,7,12
javax.swing.ImageIcon@4644f12b,0.1748119238904968,0.26894142136999505,00112510,ydhms_diff,Normal,00103160,clock_gettime,Thunk,0,1,0,0,0,0
javax.swing.ImageIcon@4644f12b,0.1742163752350703,0.18242552380635632,00112DC0,rpl_mktime,Normal,001113C0,try_tempname,Normal,0,1,0,0,1,0
javax.swing.ImageIcon@43a13d49,0.15210913002687776,0.26894142136999516,00108B00,fts_stat,Normal,00105ED0,create_hole,Normal,14,8,0,26,6,4
javax.swing.ImageIcon@43a13d49,0.1319591598555308,0.26894142136999516,00105810,argv_iter_init_argv,Normal,0010BD10,set_simple_backup_suffix,Normal,2,1,6,3,0,9
javax.swing.ImageIcon@43a13d49,0.12076925318292651,0.26894142136999516,0010CFC0,i_ring_init,Normal,001124B0,xalignalloc,Normal,0,1,2,0,0,3
javax.swing.ImageIcon@43a13d49,0.1193756738755216,0.1908580442448654,0010D3A0,mbuiter_multi_next.part.0,Normal,00112A80,xstrcat,Normal,10,8,10,19,4,20
javax.swing.ImageIcon@4644f12b,0.11857659047413162,0.18242552380635632,00108730,fprintftime,Normal,001032D0,geteuid,Thunk,0,1,0,0,0,0
javax.swing.ImageIcon@43a13d49,0.11818037081158685,0.26894142136999516,00106A20,add_exclude_file,Normal,00105AB0,restore_default_fscreatecon_or_die,Normal,7,1,0,10,0,1
javax.swing.ImageIcon@43a13d49,0.1106465687778308,0.17508626816403977,0010AE50,rpl_fts_children,Normal,0010B590,areadlink_with_size,Normal,11,19,4,34,9,27
javax.swing.ImageIcon@43a13d49,0.10366373600684785,0.23147521650098238,00105D40,fnmatch_no_wildcards,Normal,0010C5E0,base_len,Normal,10,4,1,17,2,5
javax.swing.ImageIcon@43a13d49,0.09391598343635266,0.26894142136999516,00105A70,map_device,Normal,00103260,strchr,Thunk,10,1,0,13,0,0
javax.swing.ImageIcon@43a13d49,0.09068093303519047,0.6254674354069151,0010D820,read_file_system_list,Normal,00106AC0,copy_internal,Normal,53,38,635,136,27,1082
javax.swing.ImageIcon@43a13d49,0.09010819049365262,0.26894142136999516,00106340,excluded_file_name,Normal,0010B0D0,hash_init,Normal,23,3,0,38,1,2
javax.swing.ImageIcon@43a13d49,0.08696230752862509,0.11920292202211755,00105C40,di_set_lookup,Normal,0010CBF0,seen_file,Normal,3,4,1,6,4,2
javax.swing.ImageIcon@43a13d49,0.08641007493390106,0.14185106490048782,00105BC0,di_set_insert,Normal,00104060,decode_preserve_arg,Normal,3,4,0,9,2,3
javax.swing.ImageIcon@43a13d49,0.0824635348863133,0.19781611144141834,00108CB0,fts_sort,Normal,001057C0,copy_attr,Normal,12,4,13,19,2,23
javax.swing.ImageIcon@43a13d49,0.08096568969506993,0.32739298293223945,00106BB0,__strftime_internal.isra.0,Normal,0010BD70,backupfile_internal,Normal,333,74,0,642,38,79
javax.swing.ImageIcon@43a13d49,0.06607574935468936,0.26894142136999516,001092D0,fts_safe_changedir,Normal,00105900,copy_attr_error,Normal,46,6,2,77,4,7
javax.swing.ImageIcon@43a13d49,0.06567711865346113,0.30294071603459277,0010D510,mbscasecmp,Normal,0010B000,src_to_dest_lookup,Normal,43,5,0,73,4,2
javax.swing.ImageIcon@43a13d49,0.06265797974822246,0.19332136980230863,00104CF0,print_only_size,Normal,00106630,set_owner.isra.0,Normal,0,6,20,6,1,38
javax.swing.ImageIcon@43a13d49,0.052519455051557015,0.33924363123418283,001120F0,xstrtoumax,Normal,00112E80,free_permission_context,Normal,63,5,0,110,2,5
javax.swing.ImageIcon@43a13d49,0.05068555792821124,0.1192029220221176,001060D0,fnmatch_pattern_has_wildcards,Normal,001069C0,dest_info_init,Normal,21,3,0,36,1,2
javax.swing.ImageIcon@43a13d49,0.04854536011496316,0.11920292202211755,00110B90,mktime_z,Normal,0010C580,last_component,Normal,11,5,6,22,2,15
javax.swing.ImageIcon@43a13d49,0.04475858313004788,0.11920292202211755,001109B0,set_tz,Normal,001059E0,copy_attr_allerror,Normal,13,2,3,21,1,5
javax.swing.ImageIcon@43a13d49,0.042835319184845996,0.07585818002124355,0010D790,unescape_tab,Normal,00105710,write_zeros,Normal,7,3,6,14,1,11
javax.swing.ImageIcon@43a13d49,0.04017813849400479,0.1192029220221176,001119B0,xfts_open,Normal,00104810,re_protect,Normal,0,5,18,4,2,33
javax.swing.ImageIcon@43a13d49,0.03771404492339653,0.1893030016858981,001090E0,enter_dir,Normal,00111440,utimecmpat,Normal,0,10,52,7,6,90
javax.swing.ImageIcon@43a13d49,0.03238293798099322,0.18242552380635632,0010A4E0,rpl_fts_close,Normal,00106A90,chown_failure_ok,Normal,36,3,0,61,3,0
javax.swing.ImageIcon@43a13d49,0.01931794401750874,0.04742587317756677,00112610,ranged_convert,Normal,00110A10,safe_write,Normal,11,6,1,23,3,7
javax.swing.ImageIcon@43a13d49,0.014930701629848917,0.02492442664711403,0010D290,mb_copy,Normal,0010C8C0,mdir_name,Normal,0,5,8,4,2,15
javax.swing.ImageIcon@43a13d49,0.01442333271527567,0.02931223075135632,00109240,restore_initial_cwd,Normal,00112EB0,get_permissions,Normal,9,1,6,13,0,8
javax.swing.ImageIcon@43a13d49,0.014256727483314168,0.1192029220221176,00111A30,xstrtoimax,Normal,001132D0,opendir_safer,Normal,91,7,1,147,5,5
javax.swing.ImageIcon@43a13d49,0.00869048676348653,0.01798620996209156,001107E0,tzalloc,Normal,0010CE00,mfile_name_concat,Normal,5,1,9,7,0,13
javax.swing.ImageIcon@43a13d49,0.008142097939299348,0.01798620996209156,00105D10,string_compare,Normal,0010E220,triple_compare_ino_str,Normal,0,1,3,0,0,4
javax.swing.ImageIcon@43a13d49,0.008105070085596298,0.01798620996209156,0010D120,ino_map_insert,Normal,0010CB60,record_file,Normal,11,0,7,13,0,8
javax.swing.ImageIcon@43a13d49,0.007137854333723776,0.01798620996209156,0010CFE0,i_ring_empty,Normal,00114810,acl_errno_valid,Normal,0,1,6,0,0,7
javax.swing.ImageIcon@43a13d49,0.006289615697116257,0.01798620996209156,00104D80,print_size,Normal,00106A40,cp_options_default,Normal,10,1,0,15,0,0
javax.swing.ImageIcon@43a13d49,0.004645082931229742,0.09534946489910949,0010C1E0,human_readable,Normal,0010E480,qset_acl,Normal,180,3,0,282,1,2
javax.swing.ImageIcon@43a13d49,0.004165167509712798,0.02931223075135632,00103640,filesystem_type.cold,Normal,00113780,vasnprintf,Normal,0,1,247,0,1,400
javax.swing.ImageIcon@43a13d49,0.0031463652427897427,0.0066928509242848554,00105930,argv_iter_free,Normal,00105BB0,create_hard_link,Normal,3,0,8,5,0,10
javax.swing.ImageIcon@43a13d49,0.0031144961690963346,0.009315959345066686,00110750,revert_tz.part.0,Normal,0010B320,force_symlinkat,Normal,5,2,15,9,1,24
javax.swing.ImageIcon@43a13d49,0.002860601956441681,0.0066928509242848554,00110CE0,rpl_timegm,Normal,00111370,gen_tempname,Normal,1,0,3,1,0,3
javax.swing.ImageIcon@43a13d49,0.0027998795411171323,0.0066928509242848554,00105B90,di_set_free,Normal,0010AF70,src_to_dest_free,Normal,3,0,1,5,0,1
javax.swing.ImageIcon@43a13d49,0.0023996290730093264,0.0066928509242848554,0010D100,ino_map_free,Normal,0010B050,remember_copied,Normal,1,0,5,1,0,6
javax.swing.ImageIcon@43a13d49,0.00222706038614799,0.0066928509242848554,00110AB0,tzfree,Normal,00110A70,same_nameat,Normal,6,0,12,6,0,17
javax.swing.ImageIcon@43a13d49,0.0014905807705430818,0.0066928509242848554,00108F90,cwd_advance_fd,Normal,00103140,readlink,Thunk,10,0,1,15,0,0
javax.swing.ImageIcon@43a13d49,0.0014025510765013369,0.0066928509242848554,00112E50,cycle_check,Normal,00103060,utimensat,Thunk,12,0,1,14,0,0
javax.swing.ImageIcon@43a13d49,2.456111977003788E-4,0.0066928509242848554,001095D0,fts_build,Normal,00106940,set_file_security_ctx,Normal,173,0,4,279,0,4
javax.swing.ImageIcon@43a13d49,2.4336144645331766E-4,0.0066928509242848554,0010D090,ino_map_alloc,Normal,00114BB0,printf_parse,Normal,5,0,200,6,0,319

